{"v":"5.11.0","fr":25,"ip":0,"op":125,"w":1242,"h":906,"nm":"头部背景","ddd":0,"assets":[{"id":"image_0","w":582,"h":192,"u":"images/","p":"img_0.png","e":0},{"id":"image_1","w":1345,"h":408,"u":"images/","p":"img_1.png","e":0},{"id":"image_2","w":178,"h":176,"u":"images/","p":"img_2.png","e":0},{"id":"image_3","w":318,"h":192,"u":"images/","p":"img_3.png","e":0},{"id":"image_4","w":165,"h":144,"u":"images/","p":"img_4.png","e":0},{"id":"image_5","w":1254,"h":1176,"u":"images/","p":"img_5.png","e":0},{"id":"image_6","w":4740,"h":1812,"u":"images/","p":"img_6.jpg","e":0},{"id":"image_7","w":2484,"h":1812,"u":"images/","p":"img_7.jpg","e":0},{"id":"comp_0","nm":"▽ 容器 1717_ae7","fr":25,"layers":[{"ddd":0,"ind":1,"ty":0,"nm":"▽ 按钮1_ae8","refId":"comp_1","sr":1,"ks":{"o":{"a":0,"k":100,"ix":11},"r":{"a":0,"k":0,"ix":10},"p":{"a":0,"k":[145.5,300,0],"ix":2,"l":2},"a":{"a":0,"k":[145.5,48,0],"ix":1,"l":2},"s":{"a":0,"k":[100,100,100],"ix":6,"l":2}},"ao":0,"w":291,"h":96,"ip":0,"op":125,"st":0,"ct":1,"bm":0},{"ddd":0,"ind":2,"ty":2,"nm":"image","refId":"image_1","sr":1,"ks":{"o":{"a":0,"k":100,"ix":11},"r":{"a":0,"k":0,"ix":10},"p":{"a":0,"k":[336.169,102,0],"ix":2,"l":2},"a":{"a":0,"k":[672.5,204,0],"ix":1,"l":2},"s":{"a":0,"k":[50,50,100],"ix":6,"l":2}},"ao":0,"ip":0,"op":125,"st":0,"bm":0},{"ddd":0,"ind":3,"ty":4,"nm":"容器 1717","sr":1,"ks":{"o":{"a":0,"k":100,"ix":11},"r":{"a":0,"k":0,"ix":10},"p":{"a":0,"k":[336.169,174,0],"ix":2,"l":2},"a":{"a":0,"k":[0,0,0],"ix":1,"l":2},"s":{"a":0,"k":[100,100,100],"ix":6,"l":2}},"ao":0,"shapes":[{"ty":"gr","it":[{"ind":0,"ty":"sh","ix":1,"ks":{"a":0,"k":{"i":[[0,0],[0,0],[0,0],[0,0]],"o":[[0,0],[0,0],[0,0],[0,0]],"v":[[-336.169,-174],[336.169,-174],[336.169,174],[-336.169,174]],"c":true},"ix":2},"nm":"路径 1","mn":"ADBE Vector Shape - Group","hd":false},{"ty":"tr","p":{"a":0,"k":[0,0],"ix":2},"a":{"a":0,"k":[0,0],"ix":1},"s":{"a":0,"k":[100,100],"ix":3},"r":{"a":0,"k":0,"ix":6},"o":{"a":0,"k":100,"ix":7},"sk":{"a":0,"k":0,"ix":4},"sa":{"a":0,"k":0,"ix":5},"nm":"变换"}],"nm":"容器 1717","np":1,"cix":2,"bm":0,"ix":1,"mn":"ADBE Vector Group","hd":false}],"ip":0,"op":125,"st":0,"ct":1,"bm":0}]},{"id":"comp_1","nm":"▽ 按钮1_ae8","fr":25,"layers":[{"ddd":0,"ind":1,"ty":5,"nm":"双11促销7折","sr":1,"ks":{"o":{"a":0,"k":100,"ix":11},"r":{"a":0,"k":0,"ix":10},"p":{"a":0,"k":[145.5,63.75,0],"ix":2,"l":2},"a":{"a":0,"k":[0,0,0],"ix":1,"l":2},"s":{"a":0,"k":[100,100,100],"ix":6,"l":2}},"ao":0,"t":{"d":{"k":[{"s":{"sz":[247.5,63],"ps":[-123.75,-31.5],"s":45,"f":"PingFangSC-Semibold","t":"双11促销7折","ca":0,"j":2,"tr":0,"lh":63,"ls":0,"fc":[0.486,0.329,0.133]},"t":0}]},"p":{},"m":{"g":1,"a":{"a":0,"k":[0,0],"ix":2}},"a":[]},"ip":0,"op":125,"st":0,"ct":1,"bm":0},{"ddd":0,"ind":2,"ty":2,"nm":"按钮1","refId":"image_0","sr":1,"ks":{"o":{"a":0,"k":100,"ix":11},"r":{"a":0,"k":0,"ix":10},"p":{"a":0,"k":[145.5,48,0],"ix":2,"l":2},"a":{"a":0,"k":[291,96,0],"ix":1,"l":2},"s":{"a":0,"k":[50,50,100],"ix":6,"l":2}},"ao":0,"ip":0,"op":125,"st":0,"bm":0}]},{"id":"comp_2","nm":"▽ 容器 1690_ae6","fr":25,"layers":[{"ddd":0,"ind":2,"ty":2,"nm":"image","refId":"image_2","sr":1,"ks":{"o":{"a":0,"k":100,"ix":11},"r":{"a":0,"k":0,"ix":10},"p":{"a":1,"k":[{"i":{"x":0.833,"y":1},"o":{"x":0.333,"y":0},"t":0,"s":[1708.4,792.75,0],"to":[8.667,-8.333,0],"ti":[0,0,0]},{"i":{"x":0.833,"y":1},"o":{"x":0.333,"y":0},"t":60,"s":[1760.4,742.75,0],"to":[0,0,0],"ti":[8.667,-8.333,0]},{"t":125,"s":[1708.4,792.75,0]}],"ix":2,"l":2},"a":{"a":0,"k":[89,88,0],"ix":1,"l":2},"s":{"a":0,"k":[50.568,50.568,100],"ix":6,"l":2}},"ao":0,"ip":0,"op":125,"st":0,"bm":0},{"ddd":0,"ind":3,"ty":2,"nm":"image","refId":"image_3","sr":1,"ks":{"o":{"a":0,"k":100,"ix":11},"r":{"a":0,"k":0,"ix":10},"p":{"a":1,"k":[{"i":{"x":0.667,"y":1},"o":{"x":0.333,"y":0},"t":0,"s":[1228.5,765,0],"to":[-7.25,5,0],"ti":[0,0,0]},{"i":{"x":0.667,"y":1},"o":{"x":0.333,"y":0},"t":30,"s":[1185,795,0],"to":[0,0,0],"ti":[0,0,0]},{"i":{"x":0.667,"y":1},"o":{"x":0.333,"y":0},"t":57,"s":[1228.5,765,0],"to":[0,0,0],"ti":[0,0,0]},{"i":{"x":0.667,"y":1},"o":{"x":0.167,"y":0},"t":94,"s":[1185,795,0],"to":[0,0,0],"ti":[-7.25,5,0]},{"t":125,"s":[1228.5,765,0]}],"ix":2,"l":2},"a":{"a":0,"k":[159,96,0],"ix":1,"l":2},"s":{"a":0,"k":[50,50,100],"ix":6,"l":2}},"ao":0,"ip":0,"op":125,"st":0,"bm":0},{"ddd":0,"ind":4,"ty":2,"nm":"image","refId":"image_4","sr":1,"ks":{"o":{"a":0,"k":50,"ix":11},"r":{"a":0,"k":0,"ix":10},"p":{"a":1,"k":[{"i":{"x":0.667,"y":1},"o":{"x":0.333,"y":0},"t":0,"s":[1232.226,429,0],"to":[0,5.667,0],"ti":[0,0,0]},{"i":{"x":0.833,"y":1},"o":{"x":0.333,"y":0},"t":25,"s":[1232.226,463,0],"to":[0,0,0],"ti":[0,0,0]},{"i":{"x":0.667,"y":1},"o":{"x":0.333,"y":0},"t":62,"s":[1232.226,429,0],"to":[0,0,0],"ti":[0,0,0]},{"i":{"x":0.833,"y":1},"o":{"x":0.333,"y":0},"t":89,"s":[1232.226,463,0],"to":[0,0,0],"ti":[0,5.667,0]},{"t":125,"s":[1232.226,429,0]}],"ix":2,"l":2},"a":{"a":0,"k":[82.5,72,0],"ix":1,"l":2},"s":{"a":0,"k":[50,50,100],"ix":6,"l":2}},"ao":0,"ip":0,"op":125,"st":0,"bm":0},{"ddd":0,"ind":5,"ty":2,"nm":"image","refId":"image_5","sr":1,"ks":{"o":{"a":0,"k":100,"ix":11},"r":{"a":0,"k":0,"ix":10},"p":{"a":1,"k":[{"i":{"x":0.667,"y":1},"o":{"x":0.333,"y":0},"t":0,"s":[1576.5,612,0],"to":[0,-42.5,0],"ti":[0,0,0]},{"i":{"x":0.667,"y":1},"o":{"x":0.333,"y":0},"t":50,"s":[1576.5,357,0],"to":[0,0,0],"ti":[0,-42.5,0]},{"t":125,"s":[1576.5,612,0]}],"ix":2,"l":2},"a":{"a":0,"k":[627,588,0],"ix":1,"l":2},"s":{"a":0,"k":[50,50,100],"ix":6,"l":2}},"ao":0,"ip":0,"op":125,"st":0,"bm":0},{"ddd":0,"ind":6,"ty":2,"nm":"image","refId":"image_6","sr":1,"ks":{"o":{"a":0,"k":100,"ix":11},"r":{"a":0,"k":0,"ix":10},"p":{"a":0,"k":[1185,453,0],"ix":2,"l":2},"a":{"a":0,"k":[2370,906,0],"ix":1,"l":2},"s":{"a":0,"k":[50,50,100],"ix":6,"l":2}},"ao":0,"ip":0,"op":125,"st":0,"bm":0},{"ddd":0,"ind":7,"ty":4,"nm":"容器 1690","sr":1,"ks":{"o":{"a":0,"k":100,"ix":11},"r":{"a":0,"k":0,"ix":10},"p":{"a":0,"k":[1185,453,0],"ix":2,"l":2},"a":{"a":0,"k":[0,0,0],"ix":1,"l":2},"s":{"a":0,"k":[100,100,100],"ix":6,"l":2}},"ao":0,"shapes":[{"ty":"gr","it":[{"ind":0,"ty":"sh","ix":1,"ks":{"a":0,"k":{"i":[[0,0],[0,0],[0,0],[0,0]],"o":[[0,0],[0,0],[0,0],[0,0]],"v":[[-1185,-453],[1185,-453],[1185,453],[-1185,453]],"c":true},"ix":2},"nm":"路径 1","mn":"ADBE Vector Shape - Group","hd":false},{"ty":"tr","p":{"a":0,"k":[0,0],"ix":2},"a":{"a":0,"k":[0,0],"ix":1},"s":{"a":0,"k":[100,100],"ix":3},"r":{"a":0,"k":0,"ix":6},"o":{"a":0,"k":100,"ix":7},"sk":{"a":0,"k":0,"ix":4},"sa":{"a":0,"k":0,"ix":5},"nm":"变换"}],"nm":"容器 1690","np":1,"cix":2,"bm":0,"ix":1,"mn":"ADBE Vector Group","hd":false}],"ip":0,"op":125,"st":0,"ct":1,"bm":0}]}],"fonts":{"list":[{"fName":"PingFangSC-Semibold","fFamily":"PingFang SC","fStyle":"Semibold","ascent":73.7996826171875}]},"layers":[{"ddd":0,"ind":1,"ty":0,"nm":"▽ 容器 1717_ae7","refId":"comp_0","sr":1,"ks":{"o":{"a":0,"k":100,"ix":11},"r":{"a":0,"k":0,"ix":10},"p":{"a":0,"k":[426.169,630,0],"ix":2,"l":2},"a":{"a":0,"k":[336,174,0],"ix":1,"l":2},"s":{"a":0,"k":[100,100,100],"ix":6,"l":2}},"ao":0,"w":672,"h":348,"ip":0,"op":125,"st":0,"ct":1,"bm":0},{"ddd":0,"ind":2,"ty":0,"nm":"▽ 容器 1690_ae6","refId":"comp_2","sr":1,"ks":{"o":{"a":0,"k":100,"ix":11},"r":{"a":0,"k":0,"ix":10},"p":{"a":0,"k":[621,453,0],"ix":2,"l":2},"a":{"a":0,"k":[1185,453,0],"ix":1,"l":2},"s":{"a":0,"k":[100,100,100],"ix":6,"l":2}},"ao":0,"w":2370,"h":906,"ip":0,"op":125,"st":0,"ct":1,"bm":0},{"ddd":0,"ind":3,"ty":2,"nm":"头部背景","refId":"image_7","sr":1,"ks":{"o":{"a":0,"k":100,"ix":11},"r":{"a":0,"k":0,"ix":10},"p":{"a":0,"k":[621,453,0],"ix":2,"l":2},"a":{"a":0,"k":[1242,906,0],"ix":1,"l":2},"s":{"a":0,"k":[50,50,100],"ix":6,"l":2}},"ao":0,"ip":0,"op":125,"st":0,"bm":0}],"markers":[],"props":{},"chars":[{"ch":"双","size":45,"style":"Semibold","w":100,"data":{"shapes":[{"ty":"gr","it":[{"ind":0,"ty":"sh","ix":1,"ks":{"a":0,"k":{"i":[[5.539,6.244],[0,0],[-5.539,-7.452],[9.164,-8.258],[0,0],[-5.438,10.474],[-2.518,-4.633],[0,0],[4.23,5.74],[-0.705,14.099],[0,0],[0,0],[0,0],[0,0],[2.417,-7.956]],"o":[[0,0],[6.949,7.956],[-5.136,11.38],[0,0],[8.862,-7.855],[3.122,4.633],[0,0],[-3.525,-5.841],[4.23,-11.481],[0,0],[0,0],[0,0],[0,0],[-0.806,9.064],[-4.834,-6.244]],"v":[[14.2,-60.828],[6.647,-53.476],[25.378,-30.313],[3.928,-0.906],[11.078,7.452],[32.529,-20.041],[40.988,-6.143],[49.146,-14.301],[37.564,-31.622],[44.916,-69.891],[44.916,-77.847],[6.747,-77.847],[6.747,-67.676],[34.644,-67.676],[29.81,-42.096]],"c":true},"ix":2},"nm":"双","mn":"ADBE Vector Shape - Group","hd":false},{"ind":1,"ty":"sh","ix":2,"ks":{"a":0,"k":{"i":[[0,0],[0,0],[0,0],[-7.452,-14.099],[9.064,-7.956],[0,0],[-6.042,8.258],[-7.654,-7.956],[0,0],[5.438,8.56],[-2.014,15.308],[0,0]],"o":[[0,0],[0,0],[0.906,14.703],[-6.042,8.762],[0,0],[8.057,-7.855],[5.237,8.057],[0,0],[-8.157,-8.057],[8.459,-14.099],[0,0],[0,0]],"v":[[49.246,-77.847],[49.246,-67.676],[52.066,-67.676],[64.655,-24.371],[41.895,0.705],[49.146,9.467],[70.294,-14.703],[89.529,9.366],[96.982,0.604],[76.639,-24.271],[92.249,-68.481],[92.249,-77.847]],"c":true},"ix":2},"nm":"双","mn":"ADBE Vector Shape - Group","hd":false},{"ind":2,"ty":"sh","ix":3,"ks":{"a":0,"k":{"i":[[0.806,11.481],[0,0],[5.74,-10.474]],"o":[[0,0],[-2.014,11.682],[-5.438,-10.675]],"v":[[61.533,-67.676],[82.48,-67.676],[70.898,-34.442]],"c":true},"ix":2},"nm":"双","mn":"ADBE Vector Shape - Group","hd":false}],"nm":"双","np":6,"cix":2,"bm":0,"ix":1,"mn":"ADBE Vector Group","hd":false}]},"fFamily":"PingFang SC"},{"ch":"1","size":45,"style":"Semibold","w":41,"data":{"shapes":[{"ty":"gr","it":[{"ind":0,"ty":"sh","ix":1,"ks":{"a":0,"k":{"i":[[0,0],[3.625,-2.216],[3.223,-0.806],[0,0],[-4.33,3.928],[0,0],[0,0],[0,0]],"o":[[-2.417,2.518],[-3.625,2.014],[0,0],[6.647,-1.913],[0,0],[0,0],[0,0],[0,0]],"v":[[23.364,-71.906],[14.301,-64.856],[4.028,-60.626],[4.028,-48.944],[20.444,-57.706],[20.444,0],[32.227,0],[32.227,-71.906]],"c":true},"ix":2},"nm":"1","mn":"ADBE Vector Shape - Group","hd":false}],"nm":"1","np":3,"cix":2,"bm":0,"ix":1,"mn":"ADBE Vector Group","hd":false}]},"fFamily":"PingFang SC"},{"ch":"促","size":45,"style":"Semibold","w":100,"data":{"shapes":[{"ty":"gr","it":[{"ind":0,"ty":"sh","ix":1,"ks":{"a":0,"k":{"i":[[-2.417,3.122],[0,0],[0,0],[0,0],[-2.216,7.251],[0,0],[9.265,-11.279],[0,0]],"o":[[0,0],[0,0],[0,0],[3.424,-6.647],[0,0],[-4.431,15.308],[0,0],[2.618,-3.021]],"v":[[14.099,-41.19],[14.099,10.675],[24.472,10.675],[24.472,-57.605],[33.032,-78.552],[23.465,-83.084],[3.021,-43.304],[6.546,-32.025]],"c":true},"ix":2},"nm":"促","mn":"ADBE Vector Shape - Group","hd":false},{"ind":1,"ty":"sh","ix":2,"ks":{"a":0,"k":{"i":[[0,0],[0,0],[0,0],[0,0],[2.417,2.618],[1.41,3.323],[-1.007,6.445],[0,0],[6.848,-10.474],[0,0],[-2.719,7.352],[-5.237,-2.618],[-14.905,-0.101],[0,0],[0,0],[5.237,0],[3.021,0.403],[0,0],[0,0],[0,0],[0,0],[0,0],[0,0],[0,0]],"o":[[0,0],[0,0],[0,0],[-3.021,-1.41],[-2.316,-2.719],[1.41,-5.64],[0,0],[-2.417,17.422],[0,0],[3.827,-5.338],[3.424,5.64],[5.338,2.82],[0,0],[0,0],[-5.438,0.201],[-4.028,-0.201],[0,0],[0,0],[0,0],[0,0],[0,0],[0,0],[0,0],[0,0]],"v":[[37.463,-79.559],[37.463,-44.815],[60.022,-44.815],[60.022,-4.23],[51.764,-10.172],[46.225,-19.235],[49.85,-37.262],[39.88,-38.974],[25.983,2.82],[32.73,11.279],[42.599,-7.755],[55.591,4.532],[85.904,8.963],[95.27,8.963],[97.183,-1.007],[81.07,-0.705],[70.395,-1.511],[70.395,-21.552],[92.752,-21.552],[92.752,-31.219],[70.395,-31.219],[70.395,-44.815],[90.134,-44.815],[90.134,-79.559]],"c":true},"ix":2},"nm":"促","mn":"ADBE Vector Shape - Group","hd":false},{"ind":2,"ty":"sh","ix":3,"ks":{"a":0,"k":{"i":[[0,0],[0,0],[0,0],[0,0]],"o":[[0,0],[0,0],[0,0],[0,0]],"v":[[79.962,-54.483],[47.736,-54.483],[47.736,-69.891],[79.962,-69.891]],"c":true},"ix":2},"nm":"促","mn":"ADBE Vector Shape - Group","hd":false}],"nm":"促","np":6,"cix":2,"bm":0,"ix":1,"mn":"ADBE Vector Group","hd":false}]},"fFamily":"PingFang SC"},{"ch":"销","size":45,"style":"Semibold","w":100,"data":{"shapes":[{"ty":"gr","it":[{"ind":0,"ty":"sh","ix":1,"ks":{"a":0,"k":{"i":[[0,0],[0,0],[0,0],[0,0],[0,0],[0,0],[0,0],[0,0],[2.216,0],[0,0],[0,0],[0,0],[0,8.057],[0,0],[0,0],[0,0]],"o":[[0,0],[0,0],[0,0],[0,0],[0,0],[0,0],[0,0],[0,3.323],[0,0],[0,0],[0,0],[6.949,0],[0,0],[0,0],[0,0],[0,0]],"v":[[64.352,-82.379],[64.352,-55.591],[45.721,-55.591],[45.721,10.071],[56.195,10.071],[56.195,-11.179],[82.782,-11.179],[82.782,-4.633],[79.459,0.403],[70.496,-0.101],[73.215,9.869],[82.782,9.869],[93.256,-2.316],[93.256,-55.591],[74.725,-55.591],[74.725,-82.379]],"c":true},"ix":2},"nm":"销","mn":"ADBE Vector Shape - Group","hd":false},{"ind":1,"ty":"sh","ix":2,"ks":{"a":0,"k":{"i":[[0,0],[0,0],[0,0],[0,0]],"o":[[0,0],[0,0],[0,0],[0,0]],"v":[[56.195,-28.4],[82.782,-28.4],[82.782,-20.041],[56.195,-20.041]],"c":true},"ix":2},"nm":"销","mn":"ADBE Vector Shape - Group","hd":false},{"ind":2,"ty":"sh","ix":3,"ks":{"a":0,"k":{"i":[[0,0],[0,0],[0,0],[0,0]],"o":[[0,0],[0,0],[0,0],[0,0]],"v":[[82.782,-37.262],[56.195,-37.262],[56.195,-45.621],[82.782,-45.621]],"c":true},"ix":2},"nm":"销","mn":"ADBE Vector Shape - Group","hd":false},{"ind":3,"ty":"sh","ix":4,"ks":{"a":0,"k":{"i":[[3.021,4.935],[0,0],[-2.82,-6.042],[0,0]],"o":[[0,0],[3.223,4.834],[0,0],[-2.82,-6.042]],"v":[[51.865,-78.552],[43.103,-74.323],[52.167,-57.907],[60.626,-62.137]],"c":true},"ix":2},"nm":"销","mn":"ADBE Vector Shape - Group","hd":false},{"ind":4,"ty":"sh","ix":5,"ks":{"a":0,"k":{"i":[[0,0],[3.827,-5.841],[0,0],[-2.417,6.042]],"o":[[-2.216,5.74],[0,0],[3.827,-5.64],[0,0]],"v":[[87.213,-79.66],[78.149,-62.338],[86.609,-57.907],[95.874,-75.43]],"c":true},"ix":2},"nm":"销","mn":"ADBE Vector Shape - Group","hd":false},{"ind":5,"ty":"sh","ix":6,"ks":{"a":0,"k":{"i":[[0,0],[6.244,-10.172],[0,0],[-1.007,1.813],[0,0],[0,0],[0,0],[0,0],[0,0],[0,0],[0,0],[2.518,-0.906],[0,0],[-6.949,3.625],[0,0],[4.129,-1.611],[0,0],[0,0],[0,0],[0,0],[0,0],[0,0],[0,0],[0,0],[-1.511,3.726],[0,0],[0,0],[0,0],[-0.705,2.82]],"o":[[-2.518,11.481],[0,0],[1.007,-1.611],[0,0],[0,0],[0,0],[0,0],[0,0],[0,0],[0,0],[0,1.813],[0,0],[8.963,-2.417],[0,0],[-4.028,2.417],[0,0],[0,0],[0,0],[0,0],[0,0],[0,0],[0,0],[0,0],[1.611,-3.223],[0,0],[0,0],[0,0],[0.806,-2.518],[0,0]],"v":[[15.912,-82.48],[2.82,-49.951],[11.38,-44.513],[14.401,-49.649],[14.401,-42.599],[19.235,-42.599],[19.235,-33.133],[6.546,-33.133],[6.546,-23.465],[19.235,-23.465],[19.235,-4.733],[15.408,-0.604],[19.739,8.459],[43.607,-0.604],[41.794,-9.769],[29.507,-3.827],[29.507,-23.465],[42.197,-23.465],[42.197,-33.133],[29.507,-33.133],[29.507,-42.599],[38.773,-42.599],[38.773,-51.965],[15.61,-51.965],[20.343,-62.439],[40.485,-62.439],[40.485,-72.409],[23.767,-72.409],[25.983,-80.365]],"c":true},"ix":2},"nm":"销","mn":"ADBE Vector Shape - Group","hd":false}],"nm":"销","np":9,"cix":2,"bm":0,"ix":1,"mn":"ADBE Vector Group","hd":false}]},"fFamily":"PingFang SC"},{"ch":"7","size":45,"style":"Semibold","w":55.3,"data":{"shapes":[{"ty":"gr","it":[{"ind":0,"ty":"sh","ix":1,"ks":{"a":0,"k":{"i":[[0,0],[0,0],[0,0],[0,0],[0,0],[0,0],[0,0]],"o":[[0,0],[0,0],[0,0],[0,0],[0,0],[0,0],[0,0]],"v":[[3.021,-71.906],[3.021,-61.23],[39.78,-61.23],[13.998,0],[26.486,0],[51.663,-62.439],[51.663,-71.906]],"c":true},"ix":2},"nm":"7","mn":"ADBE Vector Shape - Group","hd":false}],"nm":"7","np":3,"cix":2,"bm":0,"ix":1,"mn":"ADBE Vector Group","hd":false}]},"fFamily":"PingFang SC"},{"ch":"折","size":45,"style":"Semibold","w":100,"data":{"shapes":[{"ty":"gr","it":[{"ind":0,"ty":"sh","ix":1,"ks":{"a":0,"k":{"i":[[0,0],[16.214,-0.403],[0,0],[7.553,-9.869],[0,0],[-0.604,20.444],[0,0],[0,0],[0,0],[0,0],[0,0],[0,0],[0,0],[0,0],[0,0],[-11.481,3.726]],"o":[[-12.689,4.633],[0,0],[-0.604,17.523],[0,0],[9.265,-12.286],[0,0],[0,0],[0,0],[0,0],[0,0],[0,0],[0,0],[0,0],[0,0],[14.099,-0.806],[0,0]],"v":[[88.422,-82.883],[45.016,-75.43],[45.016,-38.672],[32.831,2.417],[40.384,10.373],[55.289,-38.672],[55.289,-41.089],[71.1,-41.089],[71.1,10.876],[81.674,10.876],[81.674,-41.089],[95.874,-41.089],[95.874,-51.26],[55.289,-51.26],[55.289,-66.669],[93.658,-73.416]],"c":true},"ix":2},"nm":"折","mn":"ADBE Vector Shape - Group","hd":false},{"ind":1,"ty":"sh","ix":2,"ks":{"a":0,"k":{"i":[[0,0],[0,6.848],[0,0],[-3.827,1.813],[0,0],[3.928,-1.611],[0,0],[0,0],[0,0],[0,0],[0,0],[0,0],[0,0],[0,0],[0,0],[0,0],[0,0],[5.136,-1.007],[0,0],[-4.23,1.41],[0,0],[2.216,0],[2.921,0.403],[0,0]],"o":[[6.747,0],[0,0],[3.928,-1.611],[0,0],[-3.827,1.913],[0,0],[0,0],[0,0],[0,0],[0,0],[0,0],[0,0],[0,0],[0,0],[0,0],[0,0],[-4.935,1.511],[0,0],[4.129,-1.208],[0,0],[0,2.417],[-2.719,0],[0,0],[0,0]],"v":[[18.933,9.366],[29.105,-1.007],[29.105,-27.997],[40.787,-33.032],[40.787,-43.707],[29.105,-38.37],[29.105,-55.188],[40.384,-55.188],[40.384,-65.359],[29.105,-65.359],[29.105,-82.581],[18.732,-82.581],[18.732,-65.359],[5.64,-65.359],[5.64,-55.188],[18.732,-55.188],[18.732,-34.644],[3.625,-30.817],[6.244,-20.142],[18.732,-24.069],[18.732,-3.726],[15.308,0],[6.848,-0.604],[9.265,9.366]],"c":true},"ix":2},"nm":"折","mn":"ADBE Vector Shape - Group","hd":false}],"nm":"折","np":5,"cix":2,"bm":0,"ix":1,"mn":"ADBE Vector Group","hd":false}]},"fFamily":"PingFang SC"}]}